{
    "pr_auc": 0.0009634216221377767,
    "precision_at_k": 0.0,
    "precision_at_0.5": 0.003472222222222222,
    "recall_at_0.5": 0.013513513513513514,
    "k": 74
}